Model,RMSE
dummy_reg,6101895967.181777
base_DecisionTree,1433194414.7465754
base_GradientBoostRegression,706961481.8517892
base_RandomForest,752527129.8408178
base_LinearRegression,1.7735246992272254e+31
base_SupportVectorRegression,6338248564.718394
